"SEQ_ITEM","TERMINAL_ID","BRANCH_ID","PARAM_ID","BLOCK_ID","SLOT","ROW","CREATEDBY","CREATEDON","MODIFIEDBY","MODIFIEDON"
46,1,1,6,12,"1","1",della,,,
47,1,1,6,12,"1","2",della,,,
48,1,1,6,12,"1","3",della,,,
49,1,1,6,12,"1","4",della,,,
50,1,1,6,12,"1","5",della,,,
56,1,1,8,12,"10","1",della,,,
57,1,1,8,12,"10","2",della,,,
58,1,1,8,12,"10","3",della,,,
59,1,1,8,12,"10","4",della,,,
60,1,1,8,12,"10","5",della,,,
51,1,1,7,13,"1","1",della,,,
52,1,1,7,13,"1","2",della,,,
53,1,1,7,13,"1","3",della,,,
54,1,1,7,13,"1","4",della,,,
55,1,1,7,13,"1","5",della,,,
61,1,1,9,13,"10","1",della,,,
62,1,1,9,13,"10","2",della,,,
63,1,1,9,13,"10","3",della,,,
64,1,1,9,13,"10","4",della,,,
65,1,1,9,13,"10","5",della,,,
66,1,1,9,13,"15","1",della,,,
67,1,1,9,13,"15","2",della,,,
68,1,1,9,13,"15","3",della,,,
69,1,1,9,13,"15","4",della,,,
70,1,1,9,13,"15","5",della,,,
71,1,2,4,9,"1","1",della,,,
72,1,2,4,9,"1","2",della,,,
73,1,2,4,9,"1","3",della,,,
74,1,2,4,9,"1","4",della,,,
75,1,2,4,9,"1","5",della,,,
76,1,2,4,9,"2","1",della,,,
77,1,2,4,9,"2","2",della,,,
78,1,2,4,9,"2","3",della,,,
79,1,2,4,9,"2","4",della,,,
80,1,2,4,9,"2","5",della,,,
81,1,2,4,9,"3","1",della,,,
82,1,2,4,9,"3","2",della,,,
83,1,2,4,9,"3","3",della,,,
84,1,2,4,9,"3","4",della,,,
85,1,2,4,9,"3","5",della,,,
86,1,2,4,9,"4","1",della,,,
87,1,2,4,9,"4","2",della,,,
88,1,2,4,9,"4","3",della,,,
121,1,2,7,11,"1","1",della,,,
122,1,2,7,11,"1","2",della,,,
123,1,2,7,11,"1","3",della,,,
124,1,2,7,11,"1","4",della,,,
125,1,2,7,11,"1","5",della,,,
131,1,2,9,11,"10","1",della,,,
132,1,2,9,11,"10","2",della,,,
133,1,2,9,11,"10","3",della,,,
134,1,2,9,11,"10","4",della,,,
135,1,2,9,11,"10","5",della,,,
136,1,2,9,11,"15","1",della,,,
137,1,2,9,11,"15","2",della,,,
138,1,2,9,11,"15","3",della,,,
139,1,2,9,11,"15","4",della,,,
140,1,2,9,11,"15","5",della,,,
1,1,1,4,3,"1","1",della,,,
2,1,1,4,3,"1","2",della,,,
3,1,1,4,3,"1","3",della,,,
4,1,1,4,3,"1","4",della,,,
5,1,1,4,3,"1","5",della,,,
6,1,1,4,3,"2","1",della,,,
7,1,1,4,3,"2","2",della,,,
8,1,1,4,3,"2","3",della,,,
9,1,1,4,3,"2","4",della,,,
10,1,1,4,3,"2","5",della,,,
11,1,1,4,3,"3","1",della,,,
12,1,1,4,3,"3","2",della,,,
13,1,1,4,3,"3","3",della,,,
14,1,1,4,3,"3","4",della,,,
15,1,1,4,3,"3","5",della,,,
16,1,1,4,3,"4","1",della,,,
17,1,1,4,3,"4","2",della,,,
18,1,1,4,3,"4","3",della,,,
19,1,1,4,3,"4","4",della,,,
20,1,1,4,3,"4","5",della,,,
21,1,1,4,3,"5","1",della,,,
22,1,1,4,3,"5","2",della,,,
23,1,1,4,3,"5","3",della,,,
24,1,1,4,3,"5","4",della,,,
25,1,1,4,3,"5","5",della,,,
26,1,1,11,3,"6","1",della,,,
27,1,1,11,3,"6","2",della,,,
28,1,1,11,3,"6","3",della,,,
29,1,1,11,3,"6","4",della,,,
30,1,1,11,3,"6","5",della,,,
31,1,1,11,3,"7","1",della,,,
32,1,1,11,3,"7","2",della,,,
33,1,1,11,3,"7","3",della,,,
34,1,1,11,3,"7","4",della,,,
35,1,1,11,3,"7","5",della,,,
36,1,1,11,3,"8","1",della,,,
37,1,1,11,3,"8","2",della,,,
38,1,1,11,3,"8","3",della,,,
39,1,1,11,3,"8","4",della,,,
40,1,1,11,3,"8","5",della,,,
41,1,1,11,3,"9","1",della,,,
42,1,1,11,3,"9","2",della,,,
43,1,1,11,3,"9","3",della,,,
44,1,1,11,3,"9","4",della,,,
45,1,1,11,3,"9","5",della,,,
89,1,2,4,9,"4","4",della,,,
90,1,2,4,9,"4","5",della,,,
91,1,2,4,9,"5","1",della,,,
92,1,2,4,9,"5","2",della,,,
93,1,2,4,9,"5","3",della,,,
94,1,2,4,9,"5","4",della,,,
95,1,2,4,9,"5","5",della,,,
96,1,2,11,9,"6","1",della,,,
97,1,2,11,9,"6","2",della,,,
116,1,2,6,10,"1","1",della,,,
117,1,2,6,10,"1","2",della,,,
118,1,2,6,10,"1","3",della,,,
119,1,2,6,10,"1","4",della,,,
120,1,2,6,10,"1","5",della,,,
126,1,2,8,10,"10","1",della,,,
127,1,2,8,10,"10","2",della,,,
128,1,2,8,10,"10","3",della,,,
129,1,2,8,10,"10","4",della,,,
130,1,2,8,10,"10","5",della,,,
98,1,2,11,9,"6","3",della,,,
99,1,2,11,9,"6","4",della,,,
100,1,2,11,9,"6","5",della,,,
101,1,2,11,9,"7","1",della,,,
102,1,2,11,9,"7","2",della,,,
103,1,2,11,9,"7","3",della,,,
104,1,2,11,9,"7","4",della,,,
105,1,2,11,9,"7","5",della,,,
106,1,2,11,9,"8","1",della,,,
107,1,2,11,9,"8","2",della,,,
108,1,2,11,9,"8","3",della,,,
109,1,2,11,9,"8","4",della,,,
110,1,2,11,9,"8","5",della,,,
111,1,2,11,9,"9","1",della,,,
112,1,2,11,9,"9","2",della,,,
113,1,2,11,9,"9","3",della,,,
114,1,2,11,9,"9","4",della,,,
115,1,2,11,9,"9","5",della,,,
172,1,1,6,3,"5","1",Bimo.Sarwono@meratus.com,2026-08-12 01:59:24.714,,
171,1,1,6,3,"3","1",Bimo.Sarwono@meratus.com,2026-08-12 01:59:24.714,,
170,1,1,6,3,"4","1",Bimo.Sarwono@meratus.com,2026-08-12 01:59:24.714,,
178,1,1,6,12,"2","4",Bimo.Sarwono@meratus.com,2026-08-18 15:24:18.328,,
174,1,3,1,8,"3","1",Maghvirul.Huda@meratus.com,2026-08-12 09:23:44.078,,
176,1,1,6,12,"2","2",Bimo.Sarwono@meratus.com,2026-08-18 15:24:18.310,,
175,1,1,6,12,"2","3",Bimo.Sarwono@meratus.com,2026-08-18 15:24:18.311,,
177,1,1,6,12,"2","1",Bimo.Sarwono@meratus.com,2026-08-18 15:24:18.311,,
182,1,1,6,12,"6","3",Bimo.Sarwono@meratus.com,2026-08-18 15:24:48.774,,
180,1,1,6,12,"6","4",Bimo.Sarwono@meratus.com,2026-08-18 15:24:48.773,,
181,1,1,6,12,"6","1",Bimo.Sarwono@meratus.com,2026-08-18 15:24:48.774,,
179,1,1,6,12,"6","2",Bimo.Sarwono@meratus.com,2026-08-18 15:24:48.773,,
183,1,1,6,12,"22","3",Bimo.Sarwono@meratus.com,2026-08-18 15:25:13.733,,
184,1,1,6,12,"18","4",Bimo.Sarwono@meratus.com,2026-08-18 15:25:13.737,,
156,1,1,3,3,"1","5",Rizqi.Azhar@meratus.com,2026-06-08 06:56:22.095,,
159,1,1,3,3,"1","4",Rizqi.Azhar@meratus.com,2026-06-08 06:56:22.095,,
158,1,1,3,3,"1","1",Rizqi.Azhar@meratus.com,2026-06-08 06:56:22.095,,
160,1,1,3,3,"2","1",Rizqi.Azhar@meratus.com,2026-06-08 06:56:22.095,,
161,1,1,3,3,"2","5",Rizqi.Azhar@meratus.com,2026-06-08 06:56:22.095,,
162,1,1,3,3,"2","4",Rizqi.Azhar@meratus.com,2026-06-08 06:56:22.095,,
163,1,1,3,3,"1","3",Rizqi.Azhar@meratus.com,2026-06-08 06:56:22.095,,
155,1,1,3,3,"2","3",Rizqi.Azhar@meratus.com,2026-06-08 06:56:22.095,,
157,1,1,3,3,"1","2",Rizqi.Azhar@meratus.com,2026-06-08 06:56:22.095,,
164,1,1,3,3,"2","2",Rizqi.Azhar@meratus.com,2026-06-08 06:56:26.555,,
165,1,1,22,3,"9","5",Della.Sandi@meratus.com,2026-06-17 09:29:10.749,,
166,1,1,22,3,"9","4",Della.Sandi@meratus.com,2026-06-17 09:29:10.734,,
167,1,1,22,3,"9","3",Della.Sandi@meratus.com,2026-06-17 09:29:10.734,,
168,1,1,22,3,"9","2",Della.Sandi@meratus.com,2026-06-17 09:29:10.734,,
169,1,1,22,3,"9","1",Della.Sandi@meratus.com,2026-06-17 09:29:10.734,,
185,1,1,10,12,"12","3",Bimo.Sarwono@meratus.com,2026-08-18 15:25:13.739,,
197,1,1,10,12,"12","2",Bimo.Sarwono@meratus.com,2026-08-18 15:25:13.740,,
186,1,1,6,12,"22","4",Bimo.Sarwono@meratus.com,2026-08-18 15:25:13.736,,
195,1,1,10,12,"11","4",Bimo.Sarwono@meratus.com,2026-08-18 15:25:13.734,,
192,1,1,6,12,"15","2",Bimo.Sarwono@meratus.com,2026-08-18 15:25:13.739,,
196,1,1,10,12,"12","4",Bimo.Sarwono@meratus.com,2026-08-18 15:25:13.741,,
194,1,1,6,12,"16","3",Bimo.Sarwono@meratus.com,2026-08-18 15:25:13.740,,
187,1,1,10,12,"11","3",Bimo.Sarwono@meratus.com,2026-08-18 15:25:13.736,,
189,1,1,6,12,"22","1",Bimo.Sarwono@meratus.com,2026-08-18 15:25:13.736,,
188,1,1,6,12,"22","2",Bimo.Sarwono@meratus.com,2026-08-18 15:25:13.737,,
191,1,1,10,12,"12","1",Bimo.Sarwono@meratus.com,2026-08-18 15:25:13.733,,
193,1,1,10,12,"11","2",Bimo.Sarwono@meratus.com,2026-08-18 15:25:13.735,,
190,1,1,10,12,"11","1",Bimo.Sarwono@meratus.com,2026-08-18 15:25:13.734,,
200,1,1,9,20,"3","1",Bimo.Sarwono@meratus.com,2026-08-20 14:23:10.662,,
199,1,1,9,20,"4","1",Bimo.Sarwono@meratus.com,2026-08-20 14:23:10.659,,
198,1,1,9,20,"2","1",Bimo.Sarwono@meratus.com,2026-08-20 14:23:10.677,,
