"ID","BLOCK_ID","ROW_NO","SLOT_NO","CREATEDBY","CREATEDON","MODIFIEDBY","MODIFIEDON"
64,29,1,1,Rizqi.Azhar@meratus.com,2026-08-24 08:23:15.177,,
65,29,1,2,Rizqi.Azhar@meratus.com,2026-08-24 08:23:15.177,,
66,29,2,1,Rizqi.Azhar@meratus.com,2026-08-24 08:23:15.177,,
67,29,2,2,Rizqi.Azhar@meratus.com,2026-08-24 08:23:15.177,,
68,29,3,1,Rizqi.Azhar@meratus.com,2026-08-24 08:23:15.177,,
69,29,3,2,Rizqi.Azhar@meratus.com,2026-08-24 08:23:15.177,,
70,29,4,1,Rizqi.Azhar@meratus.com,2026-08-24 08:23:15.177,,
71,29,4,2,Rizqi.Azhar@meratus.com,2026-08-24 08:23:15.177,,
72,29,5,1,Rizqi.Azhar@meratus.com,2026-08-24 08:23:15.177,,
73,29,5,2,Rizqi.Azhar@meratus.com,2026-08-24 08:23:15.177,,
74,29,6,1,Rizqi.Azhar@meratus.com,2026-08-24 08:23:15.177,,
75,29,6,2,Rizqi.Azhar@meratus.com,2026-08-24 08:23:15.177,,
88,19,1,1,Rizqi.Azhar@meratus.com,2026-08-24 10:43:51.073,,
89,19,1,2,Rizqi.Azhar@meratus.com,2026-08-24 10:43:51.073,,
