"SEQ_ITEM","DATE","PORT_CODE","BRANCH","BLOK","BLOCK_CAPACITY","COUNT_TOTALBOX","COUNT_TEUS","BLOCK_YOR","COUNT_20_FULL","COUNT_40_FULL","COUNT_20_EMPTY","COUNT_40_EMPTY","WORKER_UPD_ACTIVITY_ON","COUNT_BYGRADE","CREATEDON","CREATEDBY","MODIFIEDON","MODIFIEDBY"
1,2026-08-21,IDJKT,JKT56,"1A",780,0,0,0.0000,0,0,0,0,2026-08-21 00:56:19.636,"",2026-08-21 00:56:19.636,DAILY_YOR_SHAPSHOT_WORKER,,
2,2026-08-21,IDJKT,JKT56,"1B",780,0,0,0.0000,0,0,0,0,2026-08-21 00:56:19.636,"",2026-08-21 00:56:19.636,DAILY_YOR_SHAPSHOT_WORKER,,
3,2026-08-21,IDJKT,JKT56,Block Z,0,0,0,0.0000,0,0,0,0,2026-08-21 00:56:19.636,"",2026-08-21 00:56:19.636,DAILY_YOR_SHAPSHOT_WORKER,,
4,2026-08-21,IDJKT,JKT56,Block ZZ,0,0,0,0.0000,0,0,0,0,2026-08-21 00:56:19.636,"",2026-08-21 00:56:19.636,DAILY_YOR_SHAPSHOT_WORKER,,
5,2026-08-21,IDJKT,JKT56,C,0,0,0,0.0000,0,0,0,0,2026-08-21 00:56:19.636,"",2026-08-21 00:56:19.636,DAILY_YOR_SHAPSHOT_WORKER,,
6,2026-08-21,IDJKT,JKT56,D,0,0,0,0.0000,0,0,0,0,2026-08-21 00:56:19.636,"",2026-08-21 00:56:19.636,DAILY_YOR_SHAPSHOT_WORKER,,
7,2026-08-21,IDJKT,JKT56,Test,375,0,0,0.0000,0,0,0,0,2026-08-21 00:56:19.636,"",2026-08-21 00:56:19.636,DAILY_YOR_SHAPSHOT_WORKER,,
8,2026-08-21,IDJKT,JKT56,testb,0,0,0,0.0000,0,0,0,0,2026-08-21 00:56:19.636,"",2026-08-21 00:56:19.636,DAILY_YOR_SHAPSHOT_WORKER,,
9,2026-08-21,IDJKT,JKT64,"1-A",300,0,0,0.0000,0,0,0,0,2026-08-21 00:56:19.636,"",2026-08-21 00:56:19.636,DAILY_YOR_SHAPSHOT_WORKER,,
10,2026-08-21,IDJKT,JKT64,"1-B",600,0,0,0.0000,0,0,0,0,2026-08-21 00:56:19.636,"",2026-08-21 00:56:19.636,DAILY_YOR_SHAPSHOT_WORKER,,
11,2026-08-21,IDJKT,JKT64,"1-C",325,0,0,0.0000,0,0,0,0,2026-08-21 00:56:19.636,"",2026-08-21 00:56:19.636,DAILY_YOR_SHAPSHOT_WORKER,,
12,2026-08-21,IDJKT,JKT64,"2-A",360,0,0,0.0000,0,0,0,0,2026-08-21 00:56:19.636,"",2026-08-21 00:56:19.636,DAILY_YOR_SHAPSHOT_WORKER,,
13,2026-08-21,IDJKT,JKT64,"2-B",1320,0,0,0.0000,0,0,0,0,2026-08-21 00:56:19.636,"",2026-08-21 00:56:19.636,DAILY_YOR_SHAPSHOT_WORKER,,
14,2026-08-21,IDJKT,JKT64,"2-C",850,0,0,0.0000,0,0,0,0,2026-08-21 00:56:19.636,"",2026-08-21 00:56:19.636,DAILY_YOR_SHAPSHOT_WORKER,,
15,2026-08-21,IDJKT,JKT64,"3-A",1320,0,0,0.0000,0,0,0,0,2026-08-21 00:56:19.636,"",2026-08-21 00:56:19.636,DAILY_YOR_SHAPSHOT_WORKER,,
16,2026-08-21,IDJKT,JKT64,"3-C",275,0,0,0.0000,0,0,0,0,2026-08-21 00:56:19.636,"",2026-08-21 00:56:19.636,DAILY_YOR_SHAPSHOT_WORKER,,
17,2026-08-21,IDJKT,JKT74,A,0,0,0,0.0000,0,0,0,0,2026-08-21 00:56:19.636,"",2026-08-21 00:56:19.636,DAILY_YOR_SHAPSHOT_WORKER,,
18,2026-08-21,IDJKT,JKT74,B,0,0,0,0.0000,0,0,0,0,2026-08-21 00:56:19.636,"",2026-08-21 00:56:19.636,DAILY_YOR_SHAPSHOT_WORKER,,
19,2026-08-21,IDJKT,JKT74,C,0,0,0,0.0000,0,0,0,0,2026-08-21 00:56:19.636,"",2026-08-21 00:56:19.636,DAILY_YOR_SHAPSHOT_WORKER,,
20,2026-08-21,IDJKT,JKT56,"1A",780,0,0,0.0000,0,0,0,0,2026-08-21 16:59:00.439,"",2026-08-21 16:59:00.439,DAILY_YOR_SHAPSHOT_WORKER,,
21,2026-08-21,IDJKT,JKT56,"1B",780,0,0,0.0000,0,0,0,0,2026-08-21 16:59:00.439,"",2026-08-21 16:59:00.439,DAILY_YOR_SHAPSHOT_WORKER,,
22,2026-08-21,IDJKT,JKT56,Block Z,0,0,0,0.0000,0,0,0,0,2026-08-21 16:59:00.439,"",2026-08-21 16:59:00.439,DAILY_YOR_SHAPSHOT_WORKER,,
23,2026-08-21,IDJKT,JKT56,Block ZZ,0,0,0,0.0000,0,0,0,0,2026-08-21 16:59:00.439,"",2026-08-21 16:59:00.439,DAILY_YOR_SHAPSHOT_WORKER,,
24,2026-08-21,IDJKT,JKT56,C,0,0,0,0.0000,0,0,0,0,2026-08-21 16:59:00.439,"",2026-08-21 16:59:00.439,DAILY_YOR_SHAPSHOT_WORKER,,
25,2026-08-21,IDJKT,JKT56,D,0,0,0,0.0000,0,0,0,0,2026-08-21 16:59:00.439,"",2026-08-21 16:59:00.439,DAILY_YOR_SHAPSHOT_WORKER,,
26,2026-08-21,IDJKT,JKT56,Test,375,0,0,0.0000,0,0,0,0,2026-08-21 16:59:00.439,"",2026-08-21 16:59:00.439,DAILY_YOR_SHAPSHOT_WORKER,,
27,2026-08-21,IDJKT,JKT56,testb,0,0,0,0.0000,0,0,0,0,2026-08-21 16:59:00.439,"",2026-08-21 16:59:00.439,DAILY_YOR_SHAPSHOT_WORKER,,
28,2026-08-21,IDJKT,JKT64,"1-A",300,0,0,0.0000,0,0,0,0,2026-08-21 16:59:00.439,"",2026-08-21 16:59:00.439,DAILY_YOR_SHAPSHOT_WORKER,,
29,2026-08-21,IDJKT,JKT64,"1-B",600,0,0,0.0000,0,0,0,0,2026-08-21 16:59:00.439,"",2026-08-21 16:59:00.439,DAILY_YOR_SHAPSHOT_WORKER,,
30,2026-08-21,IDJKT,JKT64,"1-C",325,0,0,0.0000,0,0,0,0,2026-08-21 16:59:00.439,"",2026-08-21 16:59:00.439,DAILY_YOR_SHAPSHOT_WORKER,,
31,2026-08-21,IDJKT,JKT64,"2-A",360,0,0,0.0000,0,0,0,0,2026-08-21 16:59:00.439,"",2026-08-21 16:59:00.439,DAILY_YOR_SHAPSHOT_WORKER,,
32,2026-08-21,IDJKT,JKT64,"2-B",1320,0,0,0.0000,0,0,0,0,2026-08-21 16:59:00.439,"",2026-08-21 16:59:00.439,DAILY_YOR_SHAPSHOT_WORKER,,
33,2026-08-21,IDJKT,JKT64,"2-C",850,0,0,0.0000,0,0,0,0,2026-08-21 16:59:00.439,"",2026-08-21 16:59:00.439,DAILY_YOR_SHAPSHOT_WORKER,,
34,2026-08-21,IDJKT,JKT64,"3-A",1320,0,0,0.0000,0,0,0,0,2026-08-21 16:59:00.439,"",2026-08-21 16:59:00.439,DAILY_YOR_SHAPSHOT_WORKER,,
35,2026-08-21,IDJKT,JKT64,"3-C",275,0,0,0.0000,0,0,0,0,2026-08-21 16:59:00.439,"",2026-08-21 16:59:00.439,DAILY_YOR_SHAPSHOT_WORKER,,
36,2026-08-21,IDJKT,JKT74,A,0,0,0,0.0000,0,0,0,0,2026-08-21 16:59:00.439,"",2026-08-21 16:59:00.439,DAILY_YOR_SHAPSHOT_WORKER,,
37,2026-08-21,IDJKT,JKT74,B,0,0,0,0.0000,0,0,0,0,2026-08-21 16:59:00.439,"",2026-08-21 16:59:00.439,DAILY_YOR_SHAPSHOT_WORKER,,
38,2026-08-21,IDJKT,JKT74,C,0,0,0,0.0000,0,0,0,0,2026-08-21 16:59:00.439,"",2026-08-21 16:59:00.439,DAILY_YOR_SHAPSHOT_WORKER,,
39,2026-08-22,IDJKT,JKT56,"1A",780,0,0,0.0000,0,0,0,0,2026-08-22 16:59:00.079,"",2026-08-22 16:59:00.079,DAILY_YOR_SHAPSHOT_WORKER,,
40,2026-08-22,IDJKT,JKT56,"1B",780,0,0,0.0000,0,0,0,0,2026-08-22 16:59:00.079,"",2026-08-22 16:59:00.079,DAILY_YOR_SHAPSHOT_WORKER,,
41,2026-08-22,IDJKT,JKT56,Block Z,0,0,0,0.0000,0,0,0,0,2026-08-22 16:59:00.079,"",2026-08-22 16:59:00.079,DAILY_YOR_SHAPSHOT_WORKER,,
42,2026-08-22,IDJKT,JKT56,Block ZZ,0,0,0,0.0000,0,0,0,0,2026-08-22 16:59:00.079,"",2026-08-22 16:59:00.079,DAILY_YOR_SHAPSHOT_WORKER,,
43,2026-08-22,IDJKT,JKT56,C,0,0,0,0.0000,0,0,0,0,2026-08-22 16:59:00.079,"",2026-08-22 16:59:00.079,DAILY_YOR_SHAPSHOT_WORKER,,
44,2026-08-22,IDJKT,JKT56,D,0,0,0,0.0000,0,0,0,0,2026-08-22 16:59:00.079,"",2026-08-22 16:59:00.079,DAILY_YOR_SHAPSHOT_WORKER,,
45,2026-08-22,IDJKT,JKT56,Test,375,0,0,0.0000,0,0,0,0,2026-08-22 16:59:00.079,"",2026-08-22 16:59:00.079,DAILY_YOR_SHAPSHOT_WORKER,,
46,2026-08-22,IDJKT,JKT56,testb,0,0,0,0.0000,0,0,0,0,2026-08-22 16:59:00.079,"",2026-08-22 16:59:00.079,DAILY_YOR_SHAPSHOT_WORKER,,
47,2026-08-22,IDJKT,JKT64,"1-A",300,0,0,0.0000,0,0,0,0,2026-08-22 16:59:00.079,"",2026-08-22 16:59:00.079,DAILY_YOR_SHAPSHOT_WORKER,,
48,2026-08-22,IDJKT,JKT64,"1-B",600,0,0,0.0000,0,0,0,0,2026-08-22 16:59:00.079,"",2026-08-22 16:59:00.079,DAILY_YOR_SHAPSHOT_WORKER,,
49,2026-08-22,IDJKT,JKT64,"1-C",325,0,0,0.0000,0,0,0,0,2026-08-22 16:59:00.079,"",2026-08-22 16:59:00.079,DAILY_YOR_SHAPSHOT_WORKER,,
50,2026-08-22,IDJKT,JKT64,"2-A",360,0,0,0.0000,0,0,0,0,2026-08-22 16:59:00.079,"",2026-08-22 16:59:00.079,DAILY_YOR_SHAPSHOT_WORKER,,
51,2026-08-22,IDJKT,JKT64,"2-B",1320,0,0,0.0000,0,0,0,0,2026-08-22 16:59:00.079,"",2026-08-22 16:59:00.079,DAILY_YOR_SHAPSHOT_WORKER,,
52,2026-08-22,IDJKT,JKT64,"2-C",850,0,0,0.0000,0,0,0,0,2026-08-22 16:59:00.079,"",2026-08-22 16:59:00.079,DAILY_YOR_SHAPSHOT_WORKER,,
53,2026-08-22,IDJKT,JKT64,"3-A",1320,0,0,0.0000,0,0,0,0,2026-08-22 16:59:00.079,"",2026-08-22 16:59:00.079,DAILY_YOR_SHAPSHOT_WORKER,,
54,2026-08-22,IDJKT,JKT64,"3-C",275,0,0,0.0000,0,0,0,0,2026-08-22 16:59:00.079,"",2026-08-22 16:59:00.079,DAILY_YOR_SHAPSHOT_WORKER,,
55,2026-08-22,IDJKT,JKT74,A,0,0,0,0.0000,0,0,0,0,2026-08-22 16:59:00.079,"",2026-08-22 16:59:00.079,DAILY_YOR_SHAPSHOT_WORKER,,
56,2026-08-22,IDJKT,JKT74,B,0,0,0,0.0000,0,0,0,0,2026-08-22 16:59:00.079,"",2026-08-22 16:59:00.079,DAILY_YOR_SHAPSHOT_WORKER,,
57,2026-08-22,IDJKT,JKT74,C,0,0,0,0.0000,0,0,0,0,2026-08-22 16:59:00.079,"",2026-08-22 16:59:00.079,DAILY_YOR_SHAPSHOT_WORKER,,
58,2026-08-23,IDJKT,JKT56,"1A",780,0,0,0.0000,0,0,0,0,2026-08-23 16:59:00.090,"",2026-08-23 16:59:00.090,DAILY_YOR_SHAPSHOT_WORKER,,
59,2026-08-23,IDJKT,JKT56,"1B",780,0,0,0.0000,0,0,0,0,2026-08-23 16:59:00.090,"",2026-08-23 16:59:00.090,DAILY_YOR_SHAPSHOT_WORKER,,
60,2026-08-23,IDJKT,JKT56,Block Z,0,0,0,0.0000,0,0,0,0,2026-08-23 16:59:00.090,"",2026-08-23 16:59:00.090,DAILY_YOR_SHAPSHOT_WORKER,,
61,2026-08-23,IDJKT,JKT56,Block ZZ,0,0,0,0.0000,0,0,0,0,2026-08-23 16:59:00.090,"",2026-08-23 16:59:00.090,DAILY_YOR_SHAPSHOT_WORKER,,
62,2026-08-23,IDJKT,JKT56,C,0,0,0,0.0000,0,0,0,0,2026-08-23 16:59:00.090,"",2026-08-23 16:59:00.090,DAILY_YOR_SHAPSHOT_WORKER,,
63,2026-08-23,IDJKT,JKT56,D,0,0,0,0.0000,0,0,0,0,2026-08-23 16:59:00.090,"",2026-08-23 16:59:00.090,DAILY_YOR_SHAPSHOT_WORKER,,
64,2026-08-23,IDJKT,JKT56,Test,375,0,0,0.0000,0,0,0,0,2026-08-23 16:59:00.090,"",2026-08-23 16:59:00.090,DAILY_YOR_SHAPSHOT_WORKER,,
65,2026-08-23,IDJKT,JKT56,testb,0,0,0,0.0000,0,0,0,0,2026-08-23 16:59:00.090,"",2026-08-23 16:59:00.090,DAILY_YOR_SHAPSHOT_WORKER,,
66,2026-08-23,IDJKT,JKT64,"1-A",300,0,0,0.0000,0,0,0,0,2026-08-23 16:59:00.090,"",2026-08-23 16:59:00.090,DAILY_YOR_SHAPSHOT_WORKER,,
67,2026-08-23,IDJKT,JKT64,"1-B",600,0,0,0.0000,0,0,0,0,2026-08-23 16:59:00.090,"",2026-08-23 16:59:00.090,DAILY_YOR_SHAPSHOT_WORKER,,
68,2026-08-23,IDJKT,JKT64,"1-C",325,0,0,0.0000,0,0,0,0,2026-08-23 16:59:00.090,"",2026-08-23 16:59:00.090,DAILY_YOR_SHAPSHOT_WORKER,,
69,2026-08-23,IDJKT,JKT64,"2-A",360,0,0,0.0000,0,0,0,0,2026-08-23 16:59:00.090,"",2026-08-23 16:59:00.090,DAILY_YOR_SHAPSHOT_WORKER,,
70,2026-08-23,IDJKT,JKT64,"2-B",1320,0,0,0.0000,0,0,0,0,2026-08-23 16:59:00.090,"",2026-08-23 16:59:00.090,DAILY_YOR_SHAPSHOT_WORKER,,
71,2026-08-23,IDJKT,JKT64,"2-C",850,0,0,0.0000,0,0,0,0,2026-08-23 16:59:00.090,"",2026-08-23 16:59:00.090,DAILY_YOR_SHAPSHOT_WORKER,,
72,2026-08-23,IDJKT,JKT64,"3-A",1320,0,0,0.0000,0,0,0,0,2026-08-23 16:59:00.090,"",2026-08-23 16:59:00.090,DAILY_YOR_SHAPSHOT_WORKER,,
73,2026-08-23,IDJKT,JKT64,"3-C",275,0,0,0.0000,0,0,0,0,2026-08-23 16:59:00.090,"",2026-08-23 16:59:00.090,DAILY_YOR_SHAPSHOT_WORKER,,
74,2026-08-23,IDJKT,JKT74,A,0,0,0,0.0000,0,0,0,0,2026-08-23 16:59:00.090,"",2026-08-23 16:59:00.090,DAILY_YOR_SHAPSHOT_WORKER,,
75,2026-08-23,IDJKT,JKT74,B,0,0,0,0.0000,0,0,0,0,2026-08-23 16:59:00.090,"",2026-08-23 16:59:00.090,DAILY_YOR_SHAPSHOT_WORKER,,
76,2026-08-23,IDJKT,JKT74,C,0,0,0,0.0000,0,0,0,0,2026-08-23 16:59:00.090,"",2026-08-23 16:59:00.090,DAILY_YOR_SHAPSHOT_WORKER,,
77,2026-08-24,IDJKT,JKT56,"1A",780,0,0,0.0000,0,0,0,0,2026-08-24 16:59:00.039,"",2026-08-24 16:59:00.039,DAILY_YOR_SHAPSHOT_WORKER,,
78,2026-08-24,IDJKT,JKT56,"1B",780,0,0,0.0000,0,0,0,0,2026-08-24 16:59:00.039,"",2026-08-24 16:59:00.039,DAILY_YOR_SHAPSHOT_WORKER,,
79,2026-08-24,IDJKT,JKT56,"1C",780,0,0,0.0000,0,0,0,0,2026-08-24 16:59:00.039,"",2026-08-24 16:59:00.039,DAILY_YOR_SHAPSHOT_WORKER,,
80,2026-08-24,IDJKT,JKT56,"2A",780,0,0,0.0000,0,0,0,0,2026-08-24 16:59:00.039,"",2026-08-24 16:59:00.039,DAILY_YOR_SHAPSHOT_WORKER,,
81,2026-08-24,IDJKT,JKT56,"2B",780,0,0,0.0000,0,0,0,0,2026-08-24 16:59:00.039,"",2026-08-24 16:59:00.039,DAILY_YOR_SHAPSHOT_WORKER,,
82,2026-08-24,IDJKT,JKT56,"2C",780,0,0,0.0000,0,0,0,0,2026-08-24 16:59:00.039,"",2026-08-24 16:59:00.039,DAILY_YOR_SHAPSHOT_WORKER,,
83,2026-08-24,IDJKT,JKT56,"3A",750,0,0,0.0000,0,0,0,0,2026-08-24 16:59:00.039,"",2026-08-24 16:59:00.039,DAILY_YOR_SHAPSHOT_WORKER,,
84,2026-08-24,IDJKT,JKT56,"3B",750,0,0,0.0000,0,0,0,0,2026-08-24 16:59:00.039,"",2026-08-24 16:59:00.039,DAILY_YOR_SHAPSHOT_WORKER,,
85,2026-08-24,IDJKT,JKT56,"3C",750,0,0,0.0000,0,0,0,0,2026-08-24 16:59:00.039,"",2026-08-24 16:59:00.039,DAILY_YOR_SHAPSHOT_WORKER,,
86,2026-08-24,IDJKT,JKT64,"1A",300,0,0,0.0000,0,0,0,0,2026-08-24 16:59:00.039,"",2026-08-24 16:59:00.039,DAILY_YOR_SHAPSHOT_WORKER,,
87,2026-08-24,IDJKT,JKT64,"1B",600,0,0,0.0000,0,0,0,0,2026-08-24 16:59:00.039,"",2026-08-24 16:59:00.039,DAILY_YOR_SHAPSHOT_WORKER,,
88,2026-08-24,IDJKT,JKT64,"1C",325,0,0,0.0000,0,0,0,0,2026-08-24 16:59:00.039,"",2026-08-24 16:59:00.039,DAILY_YOR_SHAPSHOT_WORKER,,
89,2026-08-24,IDJKT,JKT64,"2A",360,0,0,0.0000,0,0,0,0,2026-08-24 16:59:00.039,"",2026-08-24 16:59:00.039,DAILY_YOR_SHAPSHOT_WORKER,,
90,2026-08-24,IDJKT,JKT64,"2B",1320,0,0,0.0000,0,0,0,0,2026-08-24 16:59:00.039,"",2026-08-24 16:59:00.039,DAILY_YOR_SHAPSHOT_WORKER,,
91,2026-08-24,IDJKT,JKT64,"2C",850,0,0,0.0000,0,0,0,0,2026-08-24 16:59:00.039,"",2026-08-24 16:59:00.039,DAILY_YOR_SHAPSHOT_WORKER,,
92,2026-08-24,IDJKT,JKT64,"3A",1320,0,0,0.0000,0,0,0,0,2026-08-24 16:59:00.039,"",2026-08-24 16:59:00.039,DAILY_YOR_SHAPSHOT_WORKER,,
93,2026-08-24,IDJKT,JKT64,"3C",275,0,0,0.0000,0,0,0,0,2026-08-24 16:59:00.039,"",2026-08-24 16:59:00.039,DAILY_YOR_SHAPSHOT_WORKER,,
94,2026-08-24,IDJKT,JKT74,A,300,0,0,0.0000,0,0,0,0,2026-08-24 16:59:00.039,"",2026-08-24 16:59:00.039,DAILY_YOR_SHAPSHOT_WORKER,,
95,2026-08-24,IDJKT,JKT74,B,605,0,0,0.0000,0,0,0,0,2026-08-24 16:59:00.039,"",2026-08-24 16:59:00.039,DAILY_YOR_SHAPSHOT_WORKER,,
96,2026-08-24,IDJKT,JKT74,C,605,0,0,0.0000,0,0,0,0,2026-08-24 16:59:00.039,"",2026-08-24 16:59:00.039,DAILY_YOR_SHAPSHOT_WORKER,,
97,2026-08-25,IDJKT,JKT56,"1A",780,0,0,0.0000,0,0,0,0,2026-08-25 16:59:00.016,"",2026-08-25 16:59:00.016,DAILY_YOR_SHAPSHOT_WORKER,,
98,2026-08-25,IDJKT,JKT56,"1B",780,0,0,0.0000,0,0,0,0,2026-08-25 16:59:00.016,"",2026-08-25 16:59:00.016,DAILY_YOR_SHAPSHOT_WORKER,,
99,2026-08-25,IDJKT,JKT56,"1C",780,0,0,0.0000,0,0,0,0,2026-08-25 16:59:00.016,"",2026-08-25 16:59:00.016,DAILY_YOR_SHAPSHOT_WORKER,,
100,2026-08-25,IDJKT,JKT56,"2A",780,0,0,0.0000,0,0,0,0,2026-08-25 16:59:00.016,"",2026-08-25 16:59:00.016,DAILY_YOR_SHAPSHOT_WORKER,,
101,2026-08-25,IDJKT,JKT56,"2B",780,0,0,0.0000,0,0,0,0,2026-08-25 16:59:00.016,"",2026-08-25 16:59:00.016,DAILY_YOR_SHAPSHOT_WORKER,,
102,2026-08-25,IDJKT,JKT56,"2C",780,0,0,0.0000,0,0,0,0,2026-08-25 16:59:00.016,"",2026-08-25 16:59:00.016,DAILY_YOR_SHAPSHOT_WORKER,,
103,2026-08-25,IDJKT,JKT56,"3A",750,0,0,0.0000,0,0,0,0,2026-08-25 16:59:00.016,"",2026-08-25 16:59:00.016,DAILY_YOR_SHAPSHOT_WORKER,,
104,2026-08-25,IDJKT,JKT56,"3B",750,0,0,0.0000,0,0,0,0,2026-08-25 16:59:00.016,"",2026-08-25 16:59:00.016,DAILY_YOR_SHAPSHOT_WORKER,,
105,2026-08-25,IDJKT,JKT56,"3C",750,0,0,0.0000,0,0,0,0,2026-08-25 16:59:00.016,"",2026-08-25 16:59:00.016,DAILY_YOR_SHAPSHOT_WORKER,,
106,2026-08-25,IDJKT,JKT64,"1A",300,0,0,0.0000,0,0,0,0,2026-08-25 16:59:00.016,"",2026-08-25 16:59:00.016,DAILY_YOR_SHAPSHOT_WORKER,,
107,2026-08-25,IDJKT,JKT64,"1B",600,0,0,0.0000,0,0,0,0,2026-08-25 16:59:00.016,"",2026-08-25 16:59:00.016,DAILY_YOR_SHAPSHOT_WORKER,,
108,2026-08-25,IDJKT,JKT64,"1C",325,0,0,0.0000,0,0,0,0,2026-08-25 16:59:00.016,"",2026-08-25 16:59:00.016,DAILY_YOR_SHAPSHOT_WORKER,,
109,2026-08-25,IDJKT,JKT64,"2A",360,0,0,0.0000,0,0,0,0,2026-08-25 16:59:00.016,"",2026-08-25 16:59:00.016,DAILY_YOR_SHAPSHOT_WORKER,,
110,2026-08-25,IDJKT,JKT64,"2B",1320,0,0,0.0000,0,0,0,0,2026-08-25 16:59:00.016,"",2026-08-25 16:59:00.016,DAILY_YOR_SHAPSHOT_WORKER,,
111,2026-08-25,IDJKT,JKT64,"2C",850,0,0,0.0000,0,0,0,0,2026-08-25 16:59:00.016,"",2026-08-25 16:59:00.016,DAILY_YOR_SHAPSHOT_WORKER,,
112,2026-08-25,IDJKT,JKT64,"3A",1320,0,0,0.0000,0,0,0,0,2026-08-25 16:59:00.016,"",2026-08-25 16:59:00.016,DAILY_YOR_SHAPSHOT_WORKER,,
113,2026-08-25,IDJKT,JKT64,"3C",275,0,0,0.0000,0,0,0,0,2026-08-25 16:59:00.016,"",2026-08-25 16:59:00.016,DAILY_YOR_SHAPSHOT_WORKER,,
114,2026-08-25,IDJKT,JKT74,A,300,0,0,0.0000,0,0,0,0,2026-08-25 16:59:00.016,"",2026-08-25 16:59:00.016,DAILY_YOR_SHAPSHOT_WORKER,,
115,2026-08-25,IDJKT,JKT74,B,605,0,0,0.0000,0,0,0,0,2026-08-25 16:59:00.016,"",2026-08-25 16:59:00.016,DAILY_YOR_SHAPSHOT_WORKER,,
116,2026-08-25,IDJKT,JKT74,C,605,0,0,0.0000,0,0,0,0,2026-08-25 16:59:00.016,"",2026-08-25 16:59:00.016,DAILY_YOR_SHAPSHOT_WORKER,,
117,2026-08-26,IDJKT,JKT56,"1A",780,0,0,0.0000,0,0,0,0,2026-08-26 16:59:00.035,"",2026-08-26 16:59:00.035,DAILY_YOR_SHAPSHOT_WORKER,,
118,2026-08-26,IDJKT,JKT56,"1B",780,0,0,0.0000,0,0,0,0,2026-08-26 16:59:00.035,"",2026-08-26 16:59:00.035,DAILY_YOR_SHAPSHOT_WORKER,,
119,2026-08-26,IDJKT,JKT56,"1C",780,0,0,0.0000,0,0,0,0,2026-08-26 16:59:00.035,"",2026-08-26 16:59:00.035,DAILY_YOR_SHAPSHOT_WORKER,,
120,2026-08-26,IDJKT,JKT56,"2A",780,0,0,0.0000,0,0,0,0,2026-08-26 16:59:00.035,"",2026-08-26 16:59:00.035,DAILY_YOR_SHAPSHOT_WORKER,,
121,2026-08-26,IDJKT,JKT56,"2B",780,0,0,0.0000,0,0,0,0,2026-08-26 16:59:00.035,"",2026-08-26 16:59:00.035,DAILY_YOR_SHAPSHOT_WORKER,,
122,2026-08-26,IDJKT,JKT56,"2C",780,0,0,0.0000,0,0,0,0,2026-08-26 16:59:00.035,"",2026-08-26 16:59:00.035,DAILY_YOR_SHAPSHOT_WORKER,,
123,2026-08-26,IDJKT,JKT56,"3A",750,0,0,0.0000,0,0,0,0,2026-08-26 16:59:00.035,"",2026-08-26 16:59:00.035,DAILY_YOR_SHAPSHOT_WORKER,,
124,2026-08-26,IDJKT,JKT56,"3B",750,0,0,0.0000,0,0,0,0,2026-08-26 16:59:00.035,"",2026-08-26 16:59:00.035,DAILY_YOR_SHAPSHOT_WORKER,,
125,2026-08-26,IDJKT,JKT56,"3C",750,0,0,0.0000,0,0,0,0,2026-08-26 16:59:00.035,"",2026-08-26 16:59:00.035,DAILY_YOR_SHAPSHOT_WORKER,,
126,2026-08-26,IDJKT,JKT64,"1A",300,0,0,0.0000,0,0,0,0,2026-08-26 16:59:00.035,"",2026-08-26 16:59:00.035,DAILY_YOR_SHAPSHOT_WORKER,,
127,2026-08-26,IDJKT,JKT64,"1B",600,0,0,0.0000,0,0,0,0,2026-08-26 16:59:00.035,"",2026-08-26 16:59:00.035,DAILY_YOR_SHAPSHOT_WORKER,,
128,2026-08-26,IDJKT,JKT64,"1C",325,0,0,0.0000,0,0,0,0,2026-08-26 16:59:00.035,"",2026-08-26 16:59:00.035,DAILY_YOR_SHAPSHOT_WORKER,,
129,2026-08-26,IDJKT,JKT64,"2A",360,0,0,0.0000,0,0,0,0,2026-08-26 16:59:00.035,"",2026-08-26 16:59:00.035,DAILY_YOR_SHAPSHOT_WORKER,,
130,2026-08-26,IDJKT,JKT64,"2B",1320,0,0,0.0000,0,0,0,0,2026-08-26 16:59:00.035,"",2026-08-26 16:59:00.035,DAILY_YOR_SHAPSHOT_WORKER,,
131,2026-08-26,IDJKT,JKT64,"2C",850,0,0,0.0000,0,0,0,0,2026-08-26 16:59:00.035,"",2026-08-26 16:59:00.035,DAILY_YOR_SHAPSHOT_WORKER,,
132,2026-08-26,IDJKT,JKT64,"3A",1320,0,0,0.0000,0,0,0,0,2026-08-26 16:59:00.035,"",2026-08-26 16:59:00.035,DAILY_YOR_SHAPSHOT_WORKER,,
133,2026-08-26,IDJKT,JKT64,"3C",275,0,0,0.0000,0,0,0,0,2026-08-26 16:59:00.035,"",2026-08-26 16:59:00.035,DAILY_YOR_SHAPSHOT_WORKER,,
134,2026-08-26,IDJKT,JKT74,A,300,0,0,0.0000,0,0,0,0,2026-08-26 16:59:00.035,"",2026-08-26 16:59:00.035,DAILY_YOR_SHAPSHOT_WORKER,,
135,2026-08-26,IDJKT,JKT74,B,605,0,0,0.0000,0,0,0,0,2026-08-26 16:59:00.035,"",2026-08-26 16:59:00.035,DAILY_YOR_SHAPSHOT_WORKER,,
136,2026-08-26,IDJKT,JKT74,C,605,0,0,0.0000,0,0,0,0,2026-08-26 16:59:00.035,"",2026-08-26 16:59:00.035,DAILY_YOR_SHAPSHOT_WORKER,,
